T	time	y
1	0	-0.0100070802204213
0	0	0.118135498854559
0	0	-0.178138333619939
0	0	0.315136854854651
0	0	0.108537176680217
0	0	0.0029374499943416
1	0	0.0764395937145133
0	0	-0.186674143820177
1	0	0.472968740884916
1	0	-0.0880270900723084
1	1	1.80032361241259
0	1	1.34701943441402
0	1	1.30047666239883
0	1	1.06115826026491
0	1	0.900190507843698
0	1	0.971082689302111
1	1	1.70507556098311
0	1	1.19070615347187
1	1	1.87619080357965
1	1	1.65894481820004
